{"city":"北京市","location":"北京市，丰台区石榴中心2号楼"}
{"city":"北京市","location":"北京市，朝阳区三星大厦（2026年3月14日有课）"}
{"city":"上海市","location":"上海市，徐汇区吴中路8号锦辉大厦714室"}
{"city":"天津市","location":"天津市，和平区大沽北路与徐州道交口万通中心20层培训教室"}
{"city":"西安市","location":"西安市，陕西省西安市雁塔区国家数字出版中心"}
{"city":"广州市","location":"广州市，广州市荔湾区南岸路63号城启大厦513室 3月22日"}
{"city":"深圳市","location":"深圳市，南山区新西路9号兰光科技园C栋603A 2026年3月15日有课"}
{"city":"深圳市","location":"深圳市，福田区八卦岭工业区511栋 2026年3月8日，3月22日有课"}
{"city":"杭州市","location":"杭州市，萧山区青少年素质教育实践中心2026年3月14日, 2026年4月18日有课"}
{"city":"成都市","location":"成都市，成华区富森美家居生活馆3楼会议室有课2026年3月14日, 2026年4月18日"}
{"city":"武汉市","location":"武汉市，经开区经开万达广场B3-303室2026年3月14日, 2026年4月18日有课"}
{"city":"长沙市","location":"长沙市，芙蓉区解放南路46号华瑞电子商厦2026年3月14日, 2026年4月18日有课"}
{"city":"济南市","location":"济南市，市中区山东电力中心医院（省体育中心对面）2026年3月14日, 2026年4月18日有课"}
{"city":"南京市","location":"南京市，雨花台区仙山北路15号楼善创文化园 2026年3月14日, 2026年4月18日有课"}
{"city":"苏州市","location":"苏州市，工业园区东平街276号 2026年3月14日, 2026年4月18日有课"}
{"city":"哈尔滨市","location":"哈尔滨市，南岗开发区ET运动损伤康复中心"}
{"city":"沈阳市","location":"沈阳市，铁西区建设东路爱都国际B座27楼（暂定）"}
{"city":"包头市","location":"包头市，包头市中心医院住院部16楼会议室（暂定）"}
{"city":"大连市","location":"大连市，甘井子区红旗街道柳树南街辽师大西山湖校区（暂定）"}
{"city":"青岛市","location":"青岛市，青岛市市北区中铁青岛广场B座701室（暂定）"}
{"city":"呼和浩特市","location":"呼和浩特市，赛罕区中海财富广场C座（暂定）"}
{"city":"邢台市","location":"邢台市，信都区莲池大街866号金力豪莲池店（暂定）"}
{"city":"长春市","location":"长春市，长春市长春市绿园区泰来街七彩天地6楼维度健身"}
{"city":"德州市","location":"德州市，德城区振华星城春风超市4楼（暂定）"}
{"city":"东营市","location":"东营市，东营区胜东社区锦华四区（暂定）"}
{"city":"滨州市","location":"滨州市，惠民县环城南路滨州市中心医院急诊科（暂定）"}
{"city":"聊城市","location":"聊城市，莘县优艺美育燕塔校区（暂定）"}
{"city":"烟台市","location":"烟台市，莱山区迎春大街初家商贸楼君成教育三楼（暂定）"}
{"city":"石家庄市","location":"石家庄市，全民健身中心方拓体育一楼融合中心（暂定）"}
{"city":"张家口市","location":"张家口市，宣化区建国街小学往北科艺教育（暂定）"}
{"city":"威海市","location":"威海市，环翠区宫松岭路278-2-2万有引力A馆（暂定）"}
{"city":"兰州市","location":"兰州市，西固区兰州石化职业技术大学东区（暂定）"}
{"city":"秦皇岛市","location":"秦皇岛市，经济技术开发区嵋城花语四区21栋（暂定）"}
{"city":"赤峰市","location":"赤峰市，松山区帝豪 SOHO 3A 座（暂定）"}
{"city":"廊坊市","location":"廊坊市，广阳区东环路98号运通家园19#（暂定）"}
{"city":"西宁市","location":"西宁市，城西区唐道9号楼7B熊猫健身（暂定）"}
{"city":"克拉玛依市","location":"克拉玛依市，克拉玛依区森香水岸奇景园（暂定）"}
{"city":"乌鲁木齐市","location":"乌鲁木齐市，经济技术开发区文体中心（暂定）"}
{"city":"银川市","location":"银川市，中海国际社区塔部50-1603（暂定）"}
{"city":"郑州市","location":"郑州市，郑州市二七区紫荆山南路666号黄河科技学院南校区（暂定）"}
{"city":"无锡市","location":"无锡市，滨湖区盘湖科创中心XL块来健身工作室（暂定）"}
{"city":"太原市","location":"太原市，山西太原市小店区亲贤街平阳景苑15-3-501（暂定）"}
{"city":"许昌市","location":"许昌市，五一路与天宝路口钼悦山花园小区 （暂定）"}
{"city":"大同市","location":"大同市，平城区绿地维纳分店6号楼（暂定）"}
{"city":"合肥市","location":"合肥市，包河区望江路与宿松路交口岸香咖啡七楼嗨皮健身俱乐部"}
{"city":"重庆市","location":"重庆市，渝中区南纪门街道复旦中学飞腾游泳馆（暂定）；"}
{"city":"宁波市","location":"宁波市，宁波市海曙区一品阳光大厦牙博士口腔2A楼（暂定）"}
{"city":"连云港市","location":"连云港市，海州区人民路1号连云港站服务室（暂定）"}
{"city":"盐城市","location":"盐城市，阜宁县香港路551号（暂定）"}
{"city":"泰州市","location":"泰州市，医药高新区 泰州大道398号 泰州移动（暂定）"}
{"city":"常熟市","location":"常熟市，南三环99号常熟理工学院"}
{"city":"中山市","location":"中山市，经济技术开发区福宁北路32号12幢萌谷养正（暂定）"}
{"city":"福州市","location":"福州市，福建省福州市鼓楼区五四路环球广场A座 10层1007（暂定）"}
{"city":"贵阳市","location":"贵阳市，贵阳市南明区青云都汇"}
{"city":"洛阳市","location":"洛阳市，洛南西区南昌路创展国际贵都4楼（暂定）"}
{"city":"南宁市","location":"南宁市，南宁市青秀区荣和山水美地东盟国际A座"}
{"city":"厦门市","location":"厦门市，待定"}
{"city":"珠海市","location":"珠海市，香洲区宝盛路中保立方3栋515房（暂定）"}
{"city":"东莞市","location":"东莞市，待定"}
{"city":"长治市","location":"长治市，潞州区松树街14号藤野自然教育科技有限公司（暂定）"}
{"city":"大理白族自治州","location":"大理白族自治州，鹤庆路80号兰花苑小区H-34号铺面（暂定）"}
{"city":"昆明市","location":"昆明市，五华区人民中路33号18楼B2号（暂定）"}
{"city":"桂林市","location":"桂林市，阳朔县榕山村遇龙湾国际营地（暂定）"}
{"city":"三亚市","location":"三亚市，三亚市吉阳区溪泽南路18号山屿湖11栋3单元503室（暂定）"}
{"city":"汕头市","location":"汕头市，龙湖区金碧庄东区力美健身工作室（暂定）"}
{"city":"中山市","location":"中山市，坦洲镇南坦路1号世融产业园3栋（暂定）"}
{"city":"河源市","location":"河源市，源城区碧桂园凤凰湾B区58号楼276号商铺（暂定）"}
{"city":"忻州市","location":"忻州市，忻州市忻府区忻洲经济开发区紫檀路123号（暂定）"}
{"city":"锦州市","location":"锦州市，锦州市凌河区银河广场学籽都会三楼新锐体能（暂定）"}
{"city":"舟山市","location":"舟山市，舟山市临城中浪国际大厦A座17楼（暂定）"}
{"city":"宁德市","location":"舟山市，宁德市东侨经济技术开发区福宁北路32号12栋（暂定）"}
{"city":"日照市","location":"日照市，日照市东港区文创园A-1二楼209（暂定）"}
{"city":"南昌市","location":"南昌市，南昌市高新区江西隆柏医疗科技有限公司（暂定）"}
{"city":"眉山市","location":"眉山市，眉山市东坡区湖滨路天盛长岛2栋（暂定）"}
{"city":"铜仁市","location":"铜仁市，铜仁市碧江区矮屯社区步梯楼15栋二单元（暂定）"}
{"city":"张掖市","location":"张掖市，张掖市甘州区新飞生活广场2楼新飞健身（暂定）"}
{"city":"保定市","location":"保定市，涿州市航天股份有限公司"}
{"city":"常州市","location":"常州市，常州市武进区湖塘镇夏城中路南田会所"}
{"city":"六安市","location":"六安市，裕安区鼓楼街道皖西学院"}
{"city":"呼伦贝尔市","location":"呼伦贝尔市，海拉尔区岭上家园"}
{"city":"海口市","location":"海口市，海口市美兰区新埠岛碧桂园"}
{"city":"普洱市","location":"普洱市，待定"}
{"city":"眉山市","location":"眉山市，眉山市东坡区赤壁中路68号 光达车业"}
{"city":"赣州市","location":"赣州市，赣州市章贡区全民健身中心零顶体育"}
{"city":"都江堰市","location":"都江堰市，待定"}
{"city":"涿州市","location":"涿州市，待定"}
{"city":"徐州市","location":"徐州市，待定"}
{"city":"南通市","location":"南通市，待定"}
{"city":"营口市","location":"营口市，待定"}
{"city":"盘锦市","location":"盘锦市，待定"}
{"city":"鞍山市","location":"鞍山市，待定"}
{"city":"佳木斯市","location":"佳木斯市，待定"}
{"city":"延边朝鲜族自治州","location":"延边朝鲜族自治州，待定"}
{"city":"松原市","location":"松原市，待定"}
{"city":"扬州市","location":"扬州市，待定"}
{"city":"镇江市","location":"镇江市，待定"}
{"city":"淮安市","location":"淮安市，待定"}
{"city":"绍兴市","location":"绍兴市，待定"}
{"city":"台州市","location":"台州市，待定"}
{"city":"宣城市","location":"宣城市，待定"}
{"city":"淮北市","location":"淮北市，待定"}
{"city":"铜陵市","location":"铜陵市，待定"}
{"city":"黄山市","location":"黄山市，待定"}
{"city":"泉州市","location":"泉州市，待定"}
{"city":"蚌埠市","location":"蚌埠市，待定"}
{"city":"金华市","location":"金华市，待定"}
{"city":"衢州市","location":"衢州市，待定"}
{"city":"丽水市","location":"丽水市，待定"}
{"city":"湖州市","location":"湖州市，待定"}
{"city":"芜湖市","location":"芜湖市，待定"}
{"city":"安庆市","location":"安庆市，待定"}
{"city":"马鞍山市","location":"马鞍山市，待定"}
{"city":"唐山市","location":"唐山市，待定"}
{"city":"晋中市","location":"晋中市，待定"}
{"city":"阳泉市","location":"阳泉市，待定"}
{"city":"鄂尔多斯市","location":"鄂尔多斯市，待定"}
{"city":"锡林郭勒盟","location":"锡林郭勒盟，待定"}
{"city":"呼伦贝尔市","location":"呼伦贝尔市，待定"}
{"city":"温州市","location":"温州市，待定"}
{"city":"阿拉善盟","location":"阿拉善盟，待定"}
{"city":"龙岩市","location":"龙岩市，待定"}
{"city":"三明市","location":"三明市，待定"}
{"city":"南平市","location":"南平市，待定"}
{"city":"九江市","location":"九江市，待定"}
{"city":"新余市","location":"新余市，待定"}
{"city":"昌吉回族自治州","location":"昌吉回族自治州，待定"}
{"city":"山南市","location":"山南市，待定"}
{"city":"林芝市","location":"林芝市，待定"}
{"city":"阿拉尔市","location":"阿拉尔市，待定"}
{"city":"遵义市","location":"遵义市，待定"}
{"city":"潍坊市","location":"潍坊市，待定"}
{"city":"泰安市","location":"泰安市，待定"}
{"city":"济宁市","location":"济宁市，待定"}
{"city":"淄博市","location":"淄博市，待定"}
{"city":"平顶山市","location":"平顶山市，待定"}
{"city":"南阳市","location":"南阳市，待定"}
{"city":"三门峡市","location":"三门峡市，待定"}
{"city":"北海市","location":"北海市，待定"}
{"city":"柳州市","location":"柳州市，待定"}
{"city":"防城港市","location":"防城港市，待定"}
{"city":"绵阳市","location":"绵阳市，待定"}
{"city":"德阳市","location":"德阳市，待定"}
{"city":"乐山市","location":"乐山市，待定"}
{"city":"济源市","location":"济源市，待定"}
{"city":"十堰市","location":"十堰市，待定"}
{"city":"襄阳市","location":"襄阳市，待定"}
{"city":"宜昌市","location":"宜昌市，待定"}
{"city":"荆门市","location":"荆门市，待定"}
{"city":"咸宁市","location":"咸宁市，待定"}
{"city":"鄂州市","location":"鄂州市，待定"}
{"city":"仙桃市","location":"仙桃市，待定"}
{"city":"岳阳市","location":"岳阳市，待定"}
{"city":"常德市","location":"常德市，待定"}
{"city":"株洲市","location":"株洲市，待定"}
{"city":"湘潭市","location":"湘潭市，待定"}
{"city":"佛山市","location":"佛山市，待定"}
{"city":"梅州市","location":"梅州市，待定"}
{"city":"潜江市","location":"潜江市，待定"}
{"city":"铜仁地区","location":"铜仁地区，待定"}
{"city":"玉溪市","location":"玉溪市，待定"}
{"city":"拉萨市","location":"拉萨市，待定"}
{"city":"咸阳市","location":"咸阳市，待定"}
{"city":"宝鸡市","location":"宝鸡市，待定"}
{"city":"榆林市","location":"榆林市，待定"}
{"city":"延安市","location":"延安市，待定"}
{"city":"惠州市","location":"惠州市，待定"}
{"city":"江门市","location":"江门市，待定"}
{"city":"酒泉市","location":"酒泉市，待定"}
{"city":"金昌市","location":"金昌市，待定"}
{"city":"海西蒙古族藏族自治州江门市","location":"海西蒙古族藏族自治州，待定"}
{"city":"喀什地区","location":"喀什地区，待定"}
{"city":"晋城市","location":"晋城市，待定"}
{"city":"嘉兴市","location":"嘉兴市，待定"}
{"city":"漳州市","location":"漳州市，待定"}
